<?xml version="1.0" encoding="UTF-8"?>
<project-private xmlns="http://www.netbeans.org/ns/project-private/1">
    <editor-bookmarks xmlns="http://www.netbeans.org/ns/editor-bookmarks/2" lastBookmarkId="1">
        <file>
            <url>class/class_Employee.php</url>
            <bookmark id="1">
                <name/>
                <line>89</line>
                <key/>
            </bookmark>
        </file>
    </editor-bookmarks>
    <open-files xmlns="http://www.netbeans.org/ns/projectui-open-files/2">
        <group>
            <file>file:/C:/xampp/htdocs/ServiceStation/view/reservation.php</file>
            <file>file:/C:/xampp/htdocs/ServiceStation/class/class_Reservation.php</file>
            <file>file:/C:/xampp/htdocs/ServiceStation/class/class_Notification.php</file>
            <file>file:/C:/xampp/htdocs/ServiceStation/reservation-pending.php</file>
        </group>
    </open-files>
</project-private>
